{"actor_loss": -0.09716029465198517, "critic_loss": 0.012469535693526268, "entropy_loss": 11.366974830627441, "mean_return": 870.5135498046875, "_timestamp": 1702236288.736696, "_runtime": 2322.07138299942, "_step": 30528, "_wandb": {"runtime": 3312}}