{"actor_loss": 0.2703368067741394, "critic_loss": 0.006809995975345373, "entropy_loss": 9.691930770874023, "_timestamp": 1702233399.1274483, "_runtime": 584.5657253265381, "_step": 26387, "_wandb": {"runtime": 546}}