{"actor_loss": 0.2376212626695633, "critic_loss": 0.021678196266293526, "entropy_loss": 8.771625518798828, "mean_return": -22.070804595947266, "_timestamp": 1702239723.8095498, "_runtime": 151.29183888435364, "_step": 3781}