{"critic_loss": 29079456.0, "actor_loss": -586344.0625, "entropy_loss": -0.0008647859212942421, "loss": 28493112.0, "total_loss": 0.0, "total_actor_loss": 0.0, "total_critic_loss": 0.0, "total_steps": 120910, "total_episodes": 120, "total_reward": -17982.9399021596, "total_steps_in_episode": 910, "eps": 0.8824, "_timestamp": 1702227421.9409878, "_runtime": 1405.6963777542114, "_step": 15426, "_wandb": {"runtime": 511}}