{"actor_loss": -0.7484614253044128, "critic_loss": 1.2129412425565533e-05, "entropy_loss": -8.99479866027832, "mean_return": NaN, "_timestamp": 1702238935.9919925, "_runtime": 310.94525837898254, "_step": 17814}