{"critic_loss": 651.6011962890625, "actor_loss": -36.57667922973633, "entropy_loss": -0.0016939998604357243, "loss": 615.0228271484375, "total_loss": 0.0, "total_actor_loss": 0.0, "total_critic_loss": 0.0, "total_steps": 47260, "total_episodes": 47, "total_reward": -88.41367969036507, "total_steps_in_episode": 260, "eps": 0.95394, "_timestamp": 1702225975.333438, "_runtime": 5192.583954811096, "_step": 18719, "_wandb": {"runtime": 5225}}