{"loss": 3.9238314628601074, "actor_loss": 1.2493271827697754, "critic_loss": 2.6753053665161133, "entropy_loss": -0.0008010807214304805, "TD_error": 1.6356360912322998, "log_prob": [-1.9176061153411865, 0.3313155770301819, -1.4734597206115723, -0.571254312992096, 0.07821314036846161, -1.0301122665405273], "variance": [0.41368091106414795, 0.07965854555368423, 0.5208199620246887, 0.4972343146800995, 0.12851068377494812, 0.5494479537010193], "risk": true, "steps": 19012, "episodes": 0, "_timestamp": 1702213815.3221025, "_runtime": 554.546457529068, "_step": 19012}