{"critic_loss": 12.129904747009277, "actor_loss": 597.9597778320312, "entropy_loss": 0.008296225219964981, "loss": 610.0979614257812, "total_loss": 0.0, "total_actor_loss": 0.0, "total_critic_loss": 0.0, "total_steps": 113440, "total_episodes": 0, "total_reward": -14.143491271896488, "total_steps_in_episode": 113440, "eps": 1.0, "_timestamp": 1702220655.364154, "_runtime": 1156.622081041336, "_step": 11343, "_wandb": {"runtime": 1266}}